의류명,image_url
Tompkins® Loopwheeled Tubular Tee Apricot,https://image.msscdn.net/images/goods_img/20210607/1985794/1985794_16854433429654_500.jpg
Tompkins® Loopwheeled Tubular Tee Vintage Black,https://image.msscdn.net/images/goods_img/20230428/3268602/3268602_16917303122010_500.jpg
파라슈트 루즈 체크 셔츠[핑크],https://image.msscdn.net/images/goods_img/20230807/3447229/3447229_17113527570685_500.jpg
Tompkins® Loopwheeled Tubular Tee White,https://image.msscdn.net/images/goods_img/20200617/1487679/1487679_16854434438811_500.jpg
레이어드 크루 넥 반팔 티셔츠_일반 기장 [화이트],https://image.msscdn.net/images/goods_img/20210825/2086653/2086653_17048764754484_500.jpg
Tompkins® Loopwheeled Tubular Tee Melange,https://image.msscdn.net/images/goods_img/20231030/3668711/3668711_16996029544443_500.jpg
[2PACK] 피그먼트 절개 티셔츠 2 STYLE,https://image.msscdn.net/images/goods_img/20240208/3859217/3859217_17084109854649_500.jpg
베이식 긴팔 티셔츠 2팩,https://image.msscdn.net/images/goods_img/20210928/2149254/2149254_16946615777686_500.jpg
(시티보이) 오버핏 옥스포드 셔츠_SPYWE23C51,https://image.msscdn.net/images/goods_img/20211220/2272830/2272830_17050381376717_500.jpg
10.6 oz Cotton Short Sleeve Henley Tee White,https://image.msscdn.net/images/goods_img/20230428/3269417/3269417_16850658887786_500.jpg
[2PACK] 베이식 무지 레이어드 반팔 티셔츠 일반 기장,https://image.msscdn.net/images/goods_img/20211019/2186292/2186292_1_500.jpg
릴렉스 핏 크루 넥 반팔 티셔츠 2팩,https://image.msscdn.net/images/goods_img/20210719/2034137/2034137_16945710156860_500.jpg
베이식 크루 넥 반팔 티셔츠 2팩,https://image.msscdn.net/images/goods_img/20210805/2050094/2050094_16945709584206_500.jpg
레이어드 크루 넥 반팔 티셔츠_일반 기장 2팩,https://image.msscdn.net/images/goods_img/20210910/2122566/2122566_17048766278139_500.jpg
무지 머슬핏 반팔 13컬러,https://image.msscdn.net/images/goods_img/20220801/2690691/2690691_17090175122341_500.jpg
9oz USA Cotton Tubular Tee Navy,https://image.msscdn.net/images/goods_img/20200508/1437780/1437780_16854162126304_500.jpg
우먼즈 베이식 크루 넥 반팔 티셔츠 2팩,https://image.msscdn.net/images/goods_img/20220818/2724650/2724650_17047779196320_500.jpg
커스텀핏 옥스포드 셔츠 - 화이트,https://image.msscdn.net/images/goods_img/20201130/1706633/1706633_16932921087582_500.jpg
10.6 oz Cotton Short Sleeve Henley Tee Dark Grey,https://image.msscdn.net/images/goods_img/20230428/3269419/3269419_16850650749352_500.jpg
쿨 코튼 2-PACK 티셔츠 블랙+화이트,https://image.msscdn.net/images/goods_img/20240103/3773867/3773867_17050396106915_500.jpg
케이블 카라 니트[네이비],https://image.msscdn.net/images/goods_img/20220901/2760383/2760383_2_500.jpg
[2PACK] 더블코튼 무지반팔  2PACK KHST1011,https://image.msscdn.net/images/goods_img/20160429/345889/345889_1_500.jpg
하이 벤트 레이어드 티셔츠 [WHITE],https://image.msscdn.net/images/goods_img/20160907/407067/407067_12_500.jpg
오버사이즈 플레이드 체크 셔츠 [화이트],https://image.msscdn.net/images/goods_img/20220118/2312243/2312243_2_500.jpg
DIAMOSPE 워싱 풀오버 Sweatshirt_IRTSS24002BKX,https://image.msscdn.net/images/goods_img/20240125/3822511/3822511_17061594157189_500.jpg
(24SS) [ONEMILE WEAR] 2PACK SMALL ARCH LS WHITE / BLACK,https://image.msscdn.net/images/goods_img/20210811/2058136/2058136_16807464751924_500.jpg
한화 2024 어센틱 원정 유니폼 블랙,https://image.msscdn.net/images/goods_img/20240223/3897076/3897076_17097937392238_500.jpg
980G 피그먼트 맨투맨-챠콜-,https://image.msscdn.net/images/goods_img/20200903/1582356/1582356_1_500.jpg
워셔블 아란 케이블 후드 집업 니트 (CHARCOAL),https://image.msscdn.net/images/goods_img/20231019/3640949/3640949_16977039481428_500.jpg
[넥타이 SET] 솔리드 오버핏 옥스포드 타이셔츠_Taupe Gray,https://image.msscdn.net/images/goods_img/20230728/3432760/3432760_16916445506222_500.jpg
우먼즈 베이식 크루 넥 반팔 티셔츠 [화이트],https://image.msscdn.net/images/goods_img/20200423/1417691/1417691_16903317441246_500.jpg
RV_OUR 1989 후드 (STHSTD-0004),https://image.msscdn.net/images/goods_img/20221220/2990516/2990516_16947563515196_500.jpg
에센셜 후드 스웻 셔츠 (MELANGE GREY),https://image.msscdn.net/images/goods_img/20220119/2314616/2314616_1_500.jpg
DTP 해피 데이 반팔티 화이트,https://image.msscdn.net/images/goods_img/20240312/3943019/3943019_17108267959953_500.jpg
오버핏 포레스트 체크 셔츠-핑크,https://image.msscdn.net/images/goods_img/20240112/3791889/3791889_17061549687904_500.jpg
[넥타이 SET] 솔리드 오버핏 옥스포드 타이셔츠_White,https://image.msscdn.net/images/goods_img/20230728/3432758/3432758_16916444961369_500.jpg
Denim Over Shirt Dark Indigo,https://image.msscdn.net/images/goods_img/20230822/3484973/3484973_16928525366368_500.jpg
플리스 크루넥 스웨트셔츠 - 그레이,https://image.msscdn.net/images/goods_img/20210317/1848778/1848778_2_500.jpg
커스텀핏 데님 셔츠 - 네이비,https://image.msscdn.net/images/goods_img/20200626/1498105/1498105_2_500.jpg
스페이스 헤비코튼 후드 버건디 KMHD6723,https://image.msscdn.net/images/goods_img/20230906/3533480/3533480_16939610292721_500.jpg
TE5-SH08 프렌치 스트라이프 셔츠-네이비,https://image.msscdn.net/images/goods_img/20220113/2305840/2305840_2_500.jpg
[3PACK] 에어쿨링 드라이 기능성 무지 반팔티,https://image.msscdn.net/images/goods_img/20210715/2029969/2029969_1_500.jpg
셈블런스 부클 오픈카라 니트 차콜그레이,https://image.msscdn.net/images/goods_img/20240202/3844636/3844636_17068670402175_500.jpg
9oz USA Cotton Tubular Tee White,https://image.msscdn.net/images/goods_img/20200508/1437773/1437773_16855875608377_500.jpg
[Package]시티보이 빅오버 옥스포드 반팔 셔츠_8color,https://image.msscdn.net/images/goods_img/20220531/2591897/2591897_16810898955837_500.jpg
[2PACK] [쿨코튼] CGP 아치 로고 티셔츠_8COLOR,https://image.msscdn.net/images/goods_img/20220614/2612829/2612829_17110907153651_500.jpg
꽈배기 후드 반집업 니트_Gray,https://image.msscdn.net/images/goods_img/20240109/3782754/3782754_17055612243362_500.jpg
시그니처 코튼 머슬핏 카라티 NSPK01,https://image.msscdn.net/images/goods_img/20230503/3274144/3274144_17089296912442_500.png
[UNI]BCI순면라운드반팔3팩 LATS0101,https://image.msscdn.net/images/goods_img/20220810/2708908/2708908_16751382082520_500.jpg
햄스터 아카이브 반팔티셔츠,https://image.msscdn.net/images/goods_img/20240325/3987866/3987866_17116159639884_500.jpg
Arch Logo Hoodie Navy,https://image.msscdn.net/images/goods_img/20200903/1583547/1583547_16765094587622_500.jpg
[쿨탠다드] 크루 넥 긴팔 티셔츠 2팩,https://image.msscdn.net/images/goods_img/20220926/2818019/2818019_16777450705203_500.jpg
TAG OG HOODIE - BLACK,https://image.msscdn.net/images/goods_img/20210811/2058188/2058188_17049555616065_500.jpg
TAG OG HOODIE - BURGUNDY,https://image.msscdn.net/images/goods_img/20220817/2722805/2722805_17049552545368_500.jpg
PW 더블 레이어드 롱 슬리브 티_스카이,https://image.msscdn.net/images/goods_img/20240125/3821772/3821772_17093138508258_500.jpg
Shoelace Shirring Shirt Classic Blue,https://image.msscdn.net/images/goods_img/20240204/3845019/3845019_17092380536269_500.jpg
SMALL CENTER 맨투맨 (STMSTD-0015),https://image.msscdn.net/images/goods_img/20221220/2990274/2990274_16947549126831_500.jpg
10.6 oz Cotton Short Sleeve Henley Tee Apricot,https://image.msscdn.net/images/goods_img/20230428/3269418/3269418_16850655631508_500.jpg
릴렉스 핏 크루 넥 반팔 티셔츠 [화이트],https://image.msscdn.net/images/goods_img/20190327/996177/996177_17050276762608_500.jpg
V.S.C HOOD SWEAT_MARYS_NAVY,https://image.msscdn.net/images/goods_img/20200924/1623333/1623333_16928431266455_500.jpg
웨이크보드 반팔티셔츠(블랙),https://image.msscdn.net/images/goods_img/20210305/1828020/1828020_1_500.jpg
링클 프리 베이직 셔츠_15COLORS,https://image.msscdn.net/images/goods_img/20210824/2085005/2085005_17108346896594_500.jpg
[SET] 시티보이 오버핏 셔츠 패키지(옥스포드 OR 데님 선택),https://image.msscdn.net/images/goods_img/20240126/3825714/3825714_17090961418806_500.jpg
SHADOW LOGO TOP IN WHITE,https://image.msscdn.net/images/goods_img/20230306/3125652/3125652_16780953496616_500.jpg
(우먼) 유틸리티 라운드 절개 반팔 티셔츠_2COLOR,https://image.msscdn.net/images/goods_img/20240319/3968354/3968354_17110881918628_500.jpg
여성 콜디 로고 반소매 티셔츠 - 블랙 / TS0004FAA1N09E01BK,https://image.msscdn.net/images/goods_img/20230405/3206981/3206981_16860645598253_500.jpg
F2 올드이펙트 후드 - 블랙/블루,https://image.msscdn.net/images/goods_img/20231016/3628151/3628151_17078789071463_500.jpg
면 30수 3팩 레이어드 롱기장 반팔티셔츠_PL23Z0TS001,https://image.msscdn.net/images/goods_img/20230713/3406572/3406572_16892115529002_500.jpg
TAG TEE - WHITE,https://image.msscdn.net/images/goods_img/20220222/2376233/2376233_17090810653565_500.jpg
Calling Original Regular T-Shirt (BLACK),https://image.msscdn.net/images/goods_img/20230531/3334733/3334733_16856269272953_500.jpg
[16수 코마사] 2PACK SMALL ARCH T-SHIRT WHITE / BLACK,https://image.msscdn.net/images/goods_img/20220324/2442409/2442409_16826575045370_500.jpg
[2PACK] Longsleeve 무지 긴팔티,https://image.msscdn.net/images/goods_img/20160902/404474/404474_16848966003530_500.jpg
SWEATSHIRT FLOWERMARDI_OATMEAL GREEN,https://image.msscdn.net/images/goods_img/20211028/2204747/2204747_1_500.jpg
MIL SWEAT(US ARMY)_3% MELANGE GRAY,https://image.msscdn.net/images/goods_img/20220209/2349446/2349446_16928437746973_500.jpg
디스트레스드 후디 (크림),https://image.msscdn.net/images/goods_img/20230725/3424281/3424281_16927701934831_500.jpg
우먼즈 릴렉스드 크루 넥 긴팔 티셔츠 2팩,https://image.msscdn.net/images/goods_img/20220818/2724648/2724648_17047028191884_500.jpg
DTP 해피 데이 반팔티 블랙,https://image.msscdn.net/images/goods_img/20240312/3943021/3943021_17108268052270_500.jpg
한화 2024 어센틱 원정 유니폼 그레이,https://image.msscdn.net/images/goods_img/20240223/3897155/3897155_17097937605699_500.jpg
[2PACK] 레이어드 크루넥 롱슬리브 무지 티셔츠,https://image.msscdn.net/images/goods_img/20240202/3842115/3842115_17068481959275_500.jpg
[2PACK] 7.5oz 헤비웨이트 무지 오버핏 레이어드 반팔티,https://image.msscdn.net/images/goods_img/20211221/2274644/2274644_1_500.jpg
[2pack] 루즈핏 롱슬리브,https://image.msscdn.net/images/goods_img/20230131/3050501/3050501_16934592888732_500.jpg
우먼즈 슬림 크루 넥 긴팔 티셔츠 [화이트],https://image.msscdn.net/images/goods_img/20230720/3417709/3417709_16964869253825_500.jpg
LAST CHANCE PRINT HOODIE  M/GREY,https://image.msscdn.net/images/goods_img/20240206/3851675/3851675_17095121134854_500.jpg
ATHLETIC CLOUD SWEATSHIRT_BLACK,https://image.msscdn.net/images/goods_img/20220810/2711102/2711102_16957028561169_500.jpg
데일리 바이오 셔츠 - 10 COLOR,https://image.msscdn.net/images/goods_img/20221226/2996536/2996536_16919781777813_500.jpg
[2pack] 메인 스몰 로고 에어 머슬핏 숏 슬리브,https://image.msscdn.net/images/goods_img/20230317/3158061/3158061_16790354815203_500.jpg
리벳 아플리케 포켓 로고 후드 오가닉블랙,https://image.msscdn.net/images/goods_img/20221017/2870838/2870838_1_500.jpg
[SET]시티보이 빅오버 옥스포드 & 브로드 B.D 셔츠,https://image.msscdn.net/images/goods_img/20240214/3866500/3866500_17097151176949_500.jpg
공용) 튜블러 티셔츠 5팩_PHE5TR3333,https://image.msscdn.net/images/goods_img/20240109/3783275/3783275_17103931361654_500.jpg
OFF-SHOULDER KNIT CARDIGAN CREAM_UDSW4A203CR,https://image.msscdn.net/images/goods_img/20240205/3846667/3846667_17079016335072_500.jpg
